CREATE EXTENSION IF NOT EXISTS "pgcrypto";

-- =========================
-- Tabela: task_category
-- =========================
INSERT INTO task_category (category_id, title, value)
VALUES (1, 'Work', 1),
       (2, 'Personal', 2),
       (3, 'Health', 3);

-- =========================
-- Tabela: task_difficulty
-- =========================
INSERT INTO task_difficulty (difficulty_id, title, value)
VALUES (1, 'Easy', 1),
       (2, 'Medium', 2),
       (3, 'Hard', 3);

-- =========================
-- Tabela: task
-- =========================
INSERT INTO task (task_id, title, start_time, end_time, category_id, difficulty_id,
                  user_id, completed_at, description, is_group_task, reward_issued)
VALUES ('11111111-1111-1111-1111-111111111111', 'Finish report', NOW(), NOW() + INTERVAL '2 days',
        1, 2, NULL, NULL,
        'Finish the monthly report', false, false),

       ('22222222-2222-2222-2222-222222222222', 'Morning workout', NOW(), NOW() + INTERVAL '1 day',
        3, 1, NULL, NULL,
        '30 minutes jogging', false, false);

-- =========================
-- Tabela: habit
-- =========================
INSERT INTO habit (habit_id, task_id, cycle_length, current_streak, longest_streak, created_at, accepted_date,
                   updated_at)

VALUES ('aaaa0000-aaaa-aaaa-aaaa-aaaaaaaaaaaa', '11111111-1111-1111-1111-111111111111', 7, 3, 5, NOW(), NOW(), NOW()),
       ('bbbb0000-bbbb-bbbb-bbbb-bbbbbbbbbbbb', '22222222-2222-2222-2222-222222222222', 30, 10, 12, NOW(), NULL, NOW());



-- INSERT INTO task_notification (id, send_date, task_id)
-- VALUES (1, NOW() + INTERVAL '1 hour', (SELECT task_id FROM task LIMIT 1)),
--        (2, NOW() + INTERVAL '2 hours', (SELECT task_id FROM task OFFSET 1 LIMIT 1));
-- =========================
-- Tabela: group_type
-- =========================
INSERT INTO group_type (group_type_id, title)
VALUES (1, 'Open'),
       (2, 'Closed'),
       (3, 'Request only');

-- =========================
-- Tabela: invitation_status
-- =========================
INSERT INTO invitation_status (invitation_status_id, title)
VALUES (1, 'Sent'),
       (2, 'Accepted'),
       (3, 'Declined');

-- =========================
-- Tabela: group_request_status
-- =========================
INSERT INTO group_request_status (group_request_status_id, title)
VALUES (1, 'Sent'),
       (2, 'Accepted'),
       (3, 'Declined');
-- =========================
-- Tabela: "group"
-- =========================
INSERT INTO "group" (group_id, join_code, group_name, admin_id, group_currency_symbol, members_limit, group_type_id)
VALUES ('11111111-1111-1111-1111-111111111111', 'FAM123', 'group 1', 'aaaaaaaa-aaaa-aaaa-aaaa-aaaaaaaaaaaa', '€', 5, 1),
       ('22222222-2222-2222-2222-222222222222', 'FRN456', 'group 2', 'bbbbbbbb-bbbb-bbbb-bbbb-bbbbbbbbbbbb', '$', 10,
        2),
       ('33333333-3333-3333-3333-333333333333', 'WRK789', 'group 3', 'cccccccc-cccc-cccc-cccc-cccccccccccc', '£', 15,
        3);

-- =========================
-- Tabela: group_member
-- =========================
INSERT INTO group_member (group_member_id, group_id, user_id, joined_at, left_at, group_money, total_earned_money)
VALUES ('22222222-1111-1111-1111-111111111111', '11111111-1111-1111-1111-111111111111',
        'aaaaaaaa-aaaa-aaaa-aaaa-aaaaaaaaaaaa', '2025-10-10 12:00:00', NULL,
        150, 400),
       ('33333333-1111-1111-1111-111111111111', '11111111-1111-1111-1111-111111111111',
        'dddddddd-dddd-dddd-dddd-dddddddddddd', '2025-10-11 09:00:00', NULL, 90,
        120);
-- =========================
-- Tabela: chat_message
-- =========================
INSERT INTO chat_message (message_id, content, is_important, sent_at, group_id, sender_id)
VALUES ('aaaa1111-aaaa-aaaa-aaaa-aaaaaaaaaaaa', 'Hey everyone! Meeting at 6 PM today.', true, '2025-10-12 12:00:00',
        '11111111-1111-1111-1111-111111111111', '22222222-1111-1111-1111-111111111111'),
       ('bbbb2222-bbbb-bbbb-bbbb-bbbbbbbbbbbb', 'Who’s up for a movie night?', false, '2025-10-12 13:00:00',
        '22222222-2222-2222-2222-222222222222', '22222222-1111-1111-1111-111111111111');

-- =========================
-- Tabela: group_invitation
-- =========================
INSERT INTO group_invitation (group_invitation_id, group_id, user_id, expires_at,
                              mail_sent_at, link, invitation_status_id, token_hash)
VALUES ('aaaa9999-aaaa-aaaa-aaaa-aaaaaaaaaaaa', '11111111-1111-1111-1111-111111111111',
        'eeeeeeee-eeee-eeee-eeee-eeeeeeeeeeee',
        '2025-10-20 00:00:00', '2025-10-10 10:00:00', 'https://app/join/FAM123', 1,
        'xxxx'),

       ('bbbb9999-bbbb-bbbb-bbbb-bbbbbbbbbbbb', '22222222-2222-2222-2222-222222222222',
        'ffffffff-ffff-ffff-ffff-ffffffffffff',
        '2025-10-20 00:00:00', '2025-10-10 11:00:00', 'https://app/join/FRN456', 2,
        'xxxxxxxxx'),

       ('cccc9999-cccc-cccc-cccc-cccccccccccc', '33333333-3333-3333-3333-333333333333',
        '99999999-9999-9999-9999-999999999999',
        '2025-10-20 00:00:00', '2025-10-10 12:00:00', 'https://app/join/WRK789', 3,
        'ffffffffffff');


-- Tabela: group_request
-- =========================
INSERT INTO group_request (group_request_id, user_id, group_id, created_at, status_id)
VALUES ('11112222-3333-4444-5555-666677771111', '11112222-3333-4444-5555-666677778888',
        '11111111-1111-1111-1111-111111111111', '2025-10-12 10:00:00', 1),
       ('11112222-3333-4444-5555-666677772222', '99998888-7777-6666-5555-444433332222',
        '22222222-2222-2222-2222-222222222222', '2025-10-12 11:00:00', 2),
       ('11112222-3333-4444-5555-666677773333', 'aaaa5555-bbbb-cccc-dddd-eeee11112222',
        '33333333-3333-3333-3333-333333333333', '2025-10-12 12:00:00', 3);


-- Tabela: level
-- =========================
INSERT INTO "level" (id, required_experience)
VALUES (0, 0),
       (1, 100),
       (2, 200),
       (3, 300),
       (4, 600),
       (5, 1000),
       (6, 1500),
       (7, 2100),
       (8, 2800),
       (9, 3600),
       (10, 4500),
       (11, 5500),
       (12, 6600),
       (13, 7800),
       (14, 9100),
       (15, 10500),
       (16, 12000),
       (17, 13600),
       (18, 15300),
       (19, 17100),
       (20, 19000),
       (21, 21000),
       (22, 23100),
       (23, 25300),
       (24, 27600),
       (25, 30000),
       (26, 32500),
       (27, 35100),
       (28, 37800),
       (29, 40600),
       (30, 43500),
       (31, 46500),
       (32, 49600),
       (33, 52800),
       (34, 56100),
       (35, 59500),
       (36, 63000),
       (37, 66600),
       (38, 70300),
       (39, 74100),
       (40, 78000),
       (41, 82000),
       (42, 86100),
       (43, 90300),
       (44, 94600),
       (45, 99000),
       (46, 103500),
       (47, 108100),
       (48, 112800),
       (49, 117600),
       (50, 122500),
       (51, 127500),
       (52, 132600),
       (53, 137800),
       (54, 143100),
       (55, 148500),
       (56, 154000),
       (57, 159600),
       (58, 165300),
       (59, 171100),
       (60, 177000),
       (61, 183000),
       (62, 189100),
       (63, 195300),
       (64, 201600),
       (65, 208000),
       (66, 214500),
       (67, 221100),
       (68, 227800),
       (69, 234600),
       (70, 241500),
       (71, 248500),
       (72, 255600),
       (73, 262800),
       (74, 270100),
       (75, 277500),
       (76, 285000),
       (77, 292600),
       (78, 300300),
       (79, 308100),
       (80, 316000),
       (81, 324000),
       (82, 332100),
       (83, 340300),
       (84, 348600),
       (85, 357000),
       (86, 365500),
       (87, 374100),
       (88, 382800),
       (89, 391600),
       (90, 400500),
       (91, 409500),
       (92, 418600),
       (93, 427800),
       (94, 437100),
       (95, 446500),
       (96, 456000),
       (97, 465600),
       (98, 475300),
       (99, 485100),
       (100, 495000);

-- Tabela: rarity
-- =========================
INSERT INTO rarity (id, name)
VALUES (1, 'Common'),
       (2, 'Uncommon'),
       (3, 'Rare'),
       (4, 'Epic'),
       (5, 'Legendary');

-- Tabela: item_slot
-- =========================
INSERT INTO item_slot (id, name)
VALUES (1, 'Head'),
       (2, 'Body'),
       (3, 'Legs'),
       (4, 'Feet'),
       (5, 'Accessory'),
       (6, 'Title'),
       (7, 'Badge'),
       (8, 'Background');

-- Tabela: statistic_type
-- =========================
INSERT INTO statistic_type (id, type)
VALUES (1, 'Completed Tasks'),
       (2, 'Habit Streak'),
       (3, 'Pomodoro Tasks Completed'),
       (4, 'Group Tasks Completed'),
       (5, 'Joined Groups'),
       (6, 'Owned Items'),
       (7, 'Items Purchased'),
       (8, 'Group Items Purchased');

INSERT INTO reward (id, statistic_type_id, experience, money)
VALUES (gen_random_uuid(), 1, 10, 5),
       (gen_random_uuid(), 2, 15, 10),
       (gen_random_uuid(), 3, 15, 5),
       (gen_random_uuid(), 4, 10, 0);

-- Tabela: achievement
-- =========================
INSERT INTO achievement (id, name, description, image_path, statistic_type_id, goal, money_reward, experience_reward)
VALUES
    -- Completed Tasks (typ 1)
    (gen_random_uuid(), 'First Task Completed', 'Complete your first task',
     '/images/achievements/first_task.png', 1, 1, 50, 20),
    (gen_random_uuid(), 'Getting Started', 'Complete 5 tasks',
     '/images/achievements/getting_started.png', 1, 5, 100, 40),
    (gen_random_uuid(), 'Task Enthusiast', 'Complete 25 tasks',
     '/images/achievements/task_enthusiast.png', 1, 25, 200, 80),
    (gen_random_uuid(), 'Task Master', 'Complete 100 tasks',
     '/images/achievements/task_master.png', 1, 100, 500, 200),
    (gen_random_uuid(), 'Task Legend', 'Complete 250 tasks',
     '/images/achievements/task_legend.png', 1, 250, 1000, 400),
    (gen_random_uuid(), 'Task Deity', 'Complete 500 tasks',
     '/images/achievements/task_deity.png', 1, 500, 2000, 800),
    (gen_random_uuid(), 'Productivity King', 'Complete 1000 tasks',
     '/images/achievements/productivity_king.png', 1, 1000, 5000, 2000),

    -- Habit Streak (typ 2)
    (gen_random_uuid(), 'Habit Beginner', 'Maintain a habit for 3 consecutive days',
     '/images/achievements/habit_beginner.png', 2, 3, 75, 30),
    (gen_random_uuid(), 'Habit Streak 7', 'Maintain a habit for 7 consecutive days',
     '/images/achievements/habit_streak_7.png', 2, 7, 100, 50),
    (gen_random_uuid(), 'Two Weeks Strong', 'Maintain a habit for 14 consecutive days',
     '/images/achievements/two_weeks_strong.png', 2, 14, 200, 100),
    (gen_random_uuid(), 'Monthly Champion', 'Maintain a habit for 30 consecutive days',
     '/images/achievements/monthly_champion.png', 2, 30, 500, 250),
    (gen_random_uuid(), 'Habit Master', 'Maintain a habit for 60 consecutive days',
     '/images/achievements/habit_master.png', 2, 60, 1000, 500),
    (gen_random_uuid(), 'Unbreakable', 'Maintain a habit for 100 consecutive days',
     '/images/achievements/unbreakable.png', 2, 100, 2000, 1000),
    (gen_random_uuid(), 'Lifestyle Change', 'Maintain a habit for 365 consecutive days',
     '/images/achievements/lifestyle_change.png', 2, 365, 10000, 5000),

    -- Pomodoro Tasks (typ 3)
    (gen_random_uuid(), 'Focus Initiate', 'Complete 10 Pomodoro sessions',
     '/images/achievements/focus_initiate.png', 3, 10, 150, 60),
    (gen_random_uuid(), 'Pomodoro Pro', 'Complete 50 Pomodoro sessions',
     '/images/achievements/pomodoro_pro.png', 3, 50, 300, 150),
    (gen_random_uuid(), 'Focus Master', 'Complete 100 Pomodoro sessions',
     '/images/achievements/focus_master.png', 3, 100, 600, 300),
    (gen_random_uuid(), 'Concentration Expert', 'Complete 250 Pomodoro sessions',
     '/images/achievements/concentration_expert.png', 3, 250, 1500, 750),
    (gen_random_uuid(), 'Deep Work Champion', 'Complete 500 Pomodoro sessions',
     '/images/achievements/deep_work_champion.png', 3, 500, 3000, 1500),

    -- Group Tasks (typ 4)
    (gen_random_uuid(), 'Team Player', 'Complete 5 group tasks',
     '/images/achievements/team_player.png', 4, 5, 150, 70),
    (gen_random_uuid(), 'Group Contributor', 'Complete 20 group tasks',
     '/images/achievements/group_contributor.png', 4, 20, 400, 180),
    (gen_random_uuid(), 'Team Leader', 'Complete 50 group tasks',
     '/images/achievements/team_leader.png', 4, 50, 800, 350),
    (gen_random_uuid(), 'Collaboration Master', 'Complete 100 group tasks',
     '/images/achievements/collaboration_master.png', 4, 100, 1500, 700),
    (gen_random_uuid(), 'Group Legend', 'Complete 250 group tasks',
     '/images/achievements/group_legend.png', 4, 250, 3000, 1400),

    -- Joined Groups (typ 5)
    (gen_random_uuid(), 'First Group', 'Join your first group',
     '/images/achievements/first_group.png', 5, 1, 50, 25),
    (gen_random_uuid(), 'Social Butterfly', 'Join 5 groups',
     '/images/achievements/social_butterfly.png', 5, 5, 150, 70),
    (gen_random_uuid(), 'Community Member', 'Join 10 groups',
     '/images/achievements/community_member.png', 5, 10, 300, 140),
    (gen_random_uuid(), 'Social Network', 'Join 20 groups',
     '/images/achievements/social_network.png', 5, 20, 600, 280),

    -- Owned Items (typ 6)
    (gen_random_uuid(), 'First Purchase', 'Own your first item',
     '/images/achievements/first_purchase.png', 6, 1, 50, 20),
    (gen_random_uuid(), 'Collector', 'Own 10 items',
     '/images/achievements/collector.png', 6, 10, 250, 100),
    (gen_random_uuid(), 'Item Enthusiast', 'Own 25 items',
     '/images/achievements/item_enthusiast.png', 6, 25, 500, 200),
    (gen_random_uuid(), 'Hoarder', 'Own 50 items',
     '/images/achievements/hoarder.png', 6, 50, 1000, 400),
    (gen_random_uuid(), 'Treasure Hunter', 'Own 100 items',
     '/images/achievements/treasure_hunter.png', 6, 100, 2000, 800),

    -- Items Purchased (typ 7)
    (gen_random_uuid(), 'Window Shopper', 'Purchase 5 items',
     '/images/achievements/window_shopper.png', 7, 5, 100, 50),
    (gen_random_uuid(), 'Shopaholic', 'Purchase 20 items',
     '/images/achievements/shopaholic.png', 7, 20, 350, 130),
    (gen_random_uuid(), 'Big Spender', 'Purchase 50 items',
     '/images/achievements/big_spender.png', 7, 50, 800, 320),
    (gen_random_uuid(), 'Shopping Expert', 'Purchase 100 items',
     '/images/achievements/shopping_expert.png', 7, 100, 1500, 600),
    (gen_random_uuid(), 'Retail Therapy Master', 'Purchase 250 items',
     '/images/achievements/retail_therapy_master.png', 7, 250, 3500, 1400),

    -- Group Items Purchased (typ 8)
    (gen_random_uuid(), 'Group Supporter', 'Purchase 5 group items',
     '/images/achievements/group_supporter.png', 8, 5, 200, 80),
    (gen_random_uuid(), 'Group Shopper', 'Purchase 15 group items',
     '/images/achievements/group_shopper.png', 8, 15, 450, 160),
    (gen_random_uuid(), 'Team Investor', 'Purchase 30 group items',
     '/images/achievements/team_investor.png', 8, 30, 900, 350),
    (gen_random_uuid(), 'Group Benefactor', 'Purchase 50 group items',
     '/images/achievements/group_benefactor.png', 8, 50, 1500, 600),
    (gen_random_uuid(), 'Generous Soul', 'Purchase 100 group items',
     '/images/achievements/generous_soul.png', 8, 100, 3000, 1200);

-- Tabela: item
-- =========================
INSERT INTO item (id, name, description, image_path, quick_sell_value, item_slot_id, rarity_id, price, achievement_id,
                  unlock_level)
VALUES
    -- HEAD ITEMS (slot 1) - Common to Legendary
    ('f246cdf5-29f4-4eea-a661-41f623ca6afe'::UUID, 'Neon Runner Cap',
     'A lightweight cap with a glowing neon trim and a micro-antenna. Perfect for rookie netrunners trying to blend into the megacity crowd while staying focused on their objectives.',
     '/images/items/head/neon_runner_cap.png', 8, 1, 1, 50,
     NULL, NULL),
    (gen_random_uuid(), 'Neuro-Focus Band',
     'A headband with a neurochemical stim that gently boosts concentration and suppresses the city''s "noise." Recommended for first runs into corporate zones.',
     '/images/items/head/neuro_focus_band.png', 15, 1, 2,
     NULL, NULL, 3),
    (gen_random_uuid(), 'Data Scholar Visor',
     'Tactical eyewear with enhanced contrast and AR filters. For those who absorb data faster than the traffic on Neon Avenue.',
     '/images/items/head/data_scholar_visor.png', 22, 1, 2, 150,
     NULL, NULL),
    (gen_random_uuid(), 'Productivity Diadem Mk.III',
     'A fiber-optic half-crown with a built-in heuristic grid that prioritizes tasks and suggests next steps. Status: recognized by top-tier fixers.',
     '/images/items/head/productivity_diadem_mk3.png',
     80, 1, 3, NULL, (SELECT id FROM achievement WHERE name = 'Task Master'), NULL),
    (gen_random_uuid(), 'Ghostrunner Hood',
     'A lightweight, matte hood with nanofiber that dampens neon glare. The result: fewer distractions, more silent flow in your tasks.',
     '/images/items/head/ghostrunner_hood.png', 120, 1, 4,
     NULL, NULL, 15),
    (gen_random_uuid(), 'Chrono-Overseer Helm',
     'An executive-class helmet with a quantum clock. Its scheduling module predicts "windows of silence" in the city''s hustle. For those who rule time.',
     '/images/items/head/chrono_overseer_helm.png', 250,
     1, 5, NULL, (SELECT id FROM achievement WHERE name = 'Deep Work Champion'), NULL),
    (gen_random_uuid(), 'Streak-Hack Band',
     'A streak-hacking band for habit junkies. A gentle vibration reminds you of the ritual, and a subtle neon says, "keep it going."',
     '/images/items/head/streak_hack_band.png', 60, 1, 3,
     NULL, (SELECT id FROM achievement WHERE name = 'Monthly Champion'), NULL),
    (gen_random_uuid(), 'Crew Captain''s Cap',
     'A crew captain''s cap with a slick gang design and woven carbon fibers. The street knows who leads the raid.',
     '/images/items/head/crew_captains_cap.png', 60, 1, 3,
     400, NULL, NULL),
    (gen_random_uuid(), 'Crown of the Ascendant',
     'A legendary diadem for run leaders. Its pulsating neon reacts to your achievements—the tougher the raids, the brighter it glows.',
     '/images/items/head/crown_of_the_ascendant.png', 500,
     1, 5, NULL, NULL, 50),
    (gen_random_uuid(), 'Halo: Prime Protocol',
     'A golden, cybernetic nimbus—a symbol of perfection and discipline. A sight for the initiated: pure, pre-registered victories.',
     '/images/items/head/halo_prime_protocol.png', 400, 1, 5, NULL,
     (SELECT id FROM achievement WHERE name = 'Productivity King'), NULL),

    -- BODY ITEMS (slot 2)
    (gen_random_uuid(), 'Synthweave Tee',
     'A t-shirt made of synthetic, breathable fibers resistant to smog. A solid choice for your first under-the-radar missions.',
     '/images/items/body/synthweave_tee.png', 11, 2, 1, 75,
     NULL, NULL),
    (gen_random_uuid(), 'Neo-Hoodie',
     'An urban hoodie with thermal lining and an AR-ready hood. It will protect you from neon rain and prying cameras.',
     '/images/items/body/neo_hoodie.png', 18, 2, 1, 120,
     NULL, NULL),
    (gen_random_uuid(), 'Campus-Line Uniform',
     'A "campus line" uniform—neat, with a subtle chrome sheen. Blends in with the crowd of delivery drones and student coders.',
     '/images/items/body/campus_line_uniform.png', 30, 2, 2,
     NULL, NULL, 5),
    (gen_random_uuid(), 'Carbon Executive Suit',
     'A jacket with a carbon core. It cuts like a laser and looks like chalk on glass. For those who close deals at midnight.',
     '/images/items/body/carbon_executive_suit.png', 52, 2, 3,
     350, NULL, NULL),
    (gen_random_uuid(), 'Kinetic Workout Gear',
     'A training set with micro-actuators. Every movement charges a micro-battery—power for the next sprint.',
     '/images/items/body/kinetic_workout_gear.png', 37, 2, 2, 250, NULL,
     NULL),
    (gen_random_uuid(), 'Street Samurai Plates',
     'Street samurai armor. A laminate resistant to scratches and bad looks. For missions where reputation weighs a ton.',
     '/images/items/body/street_samurai_plates.png', 120, 2, 4,
     NULL, (SELECT id FROM achievement WHERE name = 'Task Legend'), NULL),
    (gen_random_uuid(), 'Arcanetech Robes',
     'Technomancer robes lined with a nano-mesh. Thermally balanced and comfortable for deep-work marathons.',
     '/images/items/body/arcanetech_robes.png', 110, 2, 4, NULL,
     NULL, 20),
    (gen_random_uuid(), 'Royal Neo-Cloak',
     'A 4th generation royal cloak with acoustic dampening. The city''s whisper fades as you go for what''s yours.',
     '/images/items/body/royal_neo_cloak.png', 120, 2, 4, 800, NULL,
     NULL),
    (gen_random_uuid(), 'Crew Jersey v2',
     'A team jersey with active neons that syncs the crew to a single rhythm. Teamwork? The street calls it "respect."',
     '/images/items/body/crew_jersey_v2.png', 55, 2, 3, NULL,
     (SELECT id FROM achievement WHERE name = 'Team Leader'), NULL),
    (gen_random_uuid(), 'Dragon-Scale Exoshell',
     'An exoskeleton with "dragon" scale plating. It commands respect in districts where drones fear to fly.',
     '/images/items/body/dragon_scale_exoshell.png', 600, 2, 5,
     NULL, NULL, 45),
    (gen_random_uuid(), 'Nightblade Gi',
     'A nightblade''s outfit. The material dampens friction, and the pockets are like hidden code—there when you need them.',
     '/images/items/body/nightblade_gi.png', 130, 2, 4,
     NULL, (SELECT id FROM achievement WHERE name = 'Focus Master'), NULL),
    (gen_random_uuid(), 'Champion Mesh Vest',
     'A champion-mesh vest with triple-layer fibers. For winners of sprints for glory and chips.',
     '/images/items/body/champion_mesh_vest.png', 75, 2, 3, 500,
     NULL, NULL),

    -- LEGS ITEMS (slot 3)
    (gen_random_uuid(), 'Kevlar Denim',
     'Jeans with a kevlar mesh. Comfortable, durable, and perfect for parkour over streets and sprints between billboards.',
     '/images/items/legs/kevlar_denim.png', 9, 3, 1, 60, NULL, NULL),
    (gen_random_uuid(), 'Cargo-Grid Pants',
     'Pants with modular pockets and hooks for micro-tools. Everything you need, right at your hip.',
     '/images/items/legs/cargo_grid_pants.png', 15, 3, 1, 100,
     NULL, NULL),
    (gen_random_uuid(), 'Formal Fiber Trousers',
     'Chic trousers with fiber optic seams. They understand the "dress-to-impress" protocol.',
     '/images/items/legs/formal_fiber_trousers.png', 25, 3, 2,
     NULL, NULL, 4),
    (gen_random_uuid(), 'AthletiCore Shorts',
     'Shorts with a cooling core. For night runs on rooftops and sprints between overpasses.',
     '/images/items/legs/athleticore_shorts.png', 18, 3, 2,
     120, NULL, NULL),
    (gen_random_uuid(), 'Knightline Greaves',
     'Armored greaves, "Knightline" edition. They provide a sense of stability when the city sways.',
     '/images/items/legs/knightline_greaves.png', 60, 3, 3,
     NULL, NULL, 12),
    (gen_random_uuid(), 'Arcanetech Slacks',
     'Slacks made of arcanetech fibers—as pleasant as the night wind, as smart as a CRON script.',
     '/images/items/legs/arcanetech_slacks.png', 45, 3, 3, 300,
     NULL, NULL),
    (gen_random_uuid(), 'Regal Weave Leggings',
     'Leggings with a royal weave and a soft glow. A studied style without the unnecessary noise.',
     '/images/items/legs/regal_weave_leggings.png', 90, 3, 4, NULL,
     (SELECT id FROM achievement WHERE name = 'Habit Master'), NULL),
    (gen_random_uuid(), 'Speedster Grav-Pads',
     'Gravitational pads for your shins. They reduce friction and increase the fun. Watch out for turns.',
     '/images/items/legs/speedster_grav_pads.png', 120, 3, 4, NULL,
     NULL, 25),
    (gen_random_uuid(), 'Dragonskin Legplates',
     'A legendary set of "dragonskin" legplates. You only hear them when you want to be heard.',
     '/images/items/legs/dragonskin_legplates.png', 300, 3, 5, NULL,
     (SELECT id FROM achievement WHERE name = 'Task Deity'), NULL),

    -- FEET ITEMS (slot 4)
    (gen_random_uuid(), 'Neon Sneakers',
     'Urban shoes with neon energy lines. Silent-walk through crowds and ads—your steps, your rhythm.',
     '/images/items/feet/neon_sneakers.png', 7, 4, 1, 45, NULL,
     NULL),
    (gen_random_uuid(), 'SprintRunners',
     'Ultralight shoes for sprinting across rooftops and service bridges. Arch support and anti-slip soles included.',
     '/images/items/feet/sprint_runners.png', 12, 4, 1, 80, NULL,
     NULL),
    (gen_random_uuid(), 'Ceremonial Dress Shoes',
     'Classic shoes with a chrome buckle. Corporate party? With this entrance, you''ll sign anything.',
     '/images/items/feet/ceremonial_dress_shoes.png', 20, 4, 2, NULL, NULL,
     6),
    (gen_random_uuid(), 'Trail-Hex Boots',
     'Soles with a hexagonal tread. They grip well in the port, under the subway, and on wet neon.',
     '/images/items/feet/trail_hex_boots.png', 22, 4, 2, 150,
     NULL, NULL),
    (gen_random_uuid(), 'Steelcore Boots',
     'Reinforced boots for heavy work in the docks. Comfortable for longer shifts in industrial zones.',
     '/images/items/feet/steelcore_boots.png', 42, 4, 3, 280,
     NULL, NULL),
    (gen_random_uuid(), 'Shadowstep Tabi',
     'Tabi for ninja-sprinters. Dampens the sound of footsteps and masks heat. Perfect for silent AR entries.',
     '/images/items/feet/shadowstep_tabi.png', 55, 4, 3, NULL,
     (SELECT id FROM achievement WHERE name = 'Pomodoro Pro'), NULL),
    (gen_random_uuid(), 'Wings of Velocity',
     'Slightly raised heels, springy fibers—pure speed. Watch out for crowded alleys.',
     '/images/items/feet/wings_of_velocity.png', 120, 4, 4, NULL,
     NULL, 18),
    (gen_random_uuid(), 'Legendary Striders',
     'A legendary shoe model—softly treading on cables, landing hard on results. Bonus to step confidence.',
     '/images/items/feet/legendary_striders.png', 250, 4, 5,
     NULL, (SELECT id FROM achievement WHERE name = 'Collaboration Master'), NULL),
    (gen_random_uuid(), 'Rocket-Kicks',
     'Half-magnetic, half-rocket "kicks." The word on the street is they speed up deadlines by half a day.',
     '/images/items/feet/rocket_kicks.png', 135, 4, 4, 900,
     NULL, NULL),

    -- ACCESSORY ITEMS (slot 5)
    (gen_random_uuid(), 'Mono-Time Watch',
     'A monolithic watch with a prismatic face. Precision, simplicity, and a message: "time works for me."',
     '/images/items/accessory/mono_time_watch.png', 10, 5, 1, 70,
     NULL, NULL),
    (gen_random_uuid(), 'Lucky Nano-Charm',
     'A charm with a personal nanobot. It gently "nudges" you in the right direction at key moments.',
     '/images/items/accessory/lucky_nano_charm.png', 16, 5, 2, 110,
     NULL, NULL),
    (gen_random_uuid(), 'Neural Focus Amulet',
     'A pendant with alpha-wave stimulation. It syncs your brain rhythm with the metropolis''s pulse, so you can flow instead of float.',
     '/images/items/accessory/neural_focus_amulet.png', 25, 5, 2,
     NULL, NULL, 7),
    (gen_random_uuid(), 'Titan Ring',
     'A ring with a titanium band and a micro-energy capacitor. A small thing, a big signal.',
     '/images/items/accessory/titan_ring.png', 33, 5, 3, 220, NULL,
     NULL),
    (gen_random_uuid(), 'Wisdom Shard Pendant',
     'A pendant with a crystalline memory "shard." It contains inspiring fragments from the best heists.',
     '/images/items/accessory/wisdom_shard_pendant.png', 50, 5, 3,
     NULL, (SELECT id FROM achievement WHERE name = 'Getting Started'), NULL),
    (gen_random_uuid(), 'Phoenix Regen Plume',
     'A regen-version phoenix feather—a reminder that every day is a new build. Reset, breathe, go.',
     '/images/items/accessory/phoenix_regen_plume.png', 90, 5,
     4, NULL, (SELECT id FROM achievement WHERE name = 'Two Weeks Strong'), NULL),
    (gen_random_uuid(), 'Dragon Eye Optic',
     'An optical talisman with a multi-layered lens. It spots opportunities where others see only glitches.',
     '/images/items/accessory/dragon_eye_optic.png', 180, 5, 5,
     NULL, NULL, 30),
    (gen_random_uuid(), 'Chrono Crystal',
     'A crystal encoded with the rhythm of the day. It syncs energy slots with your plan—less fatigue, more effect.',
     '/images/items/accessory/chrono_crystal.png', 240, 5, 5,
     NULL, (SELECT id FROM achievement WHERE name = 'Concentration Expert'), NULL),
    (gen_random_uuid(), 'Eternal Ember',
     'An eternal ember sealed in a capsule. It provides a sense of continuity—perfect for long streaks and rituals.',
     '/images/items/accessory/eternal_ember.png', 300, 5, 5,
     NULL, (SELECT id FROM achievement WHERE name = 'Unbreakable'), NULL),
    (gen_random_uuid(), 'Crew Unity Pin',
     'A pin of unity—worn by those who carry the crew through every chaos. A recognition signal for allies.',
     '/images/items/accessory/crew_unity_pin.png', 30, 5, 2, NULL,
     (SELECT id FROM achievement WHERE name = 'Team Player'), NULL),

    -- TITLE ITEMS (slot 6)
    (gen_random_uuid(), 'Fresh Boot',
     'A new player in the city of neons. You don''t know which way to go yet—but you''re already going. And it shines brightly.',
     '/images/items/title/fresh_boot.png', 4, 6, 1, 30, NULL, NULL),
    (gen_random_uuid(), 'Script Kiddie',
     'A hacker''s apprentice. First scripts, first commands, first "oops." In time, they will turn into "wow."',
     '/images/items/title/script_kiddie.png', 6, 6, 1, NULL, NULL,
     2),
    (gen_random_uuid(), 'The Focused Netrunner',
     'A netrunner in a state of flow. The crowd disappears, only the net and the goal remain. Hands on the keyboard, head in the data.',
     '/images/items/title/the_focused_netrunner.png', 18, 6, 2, NULL,
     (SELECT id FROM achievement WHERE name = 'Focus Initiate'), NULL),
    (gen_random_uuid(), 'Task Hunter 2.0',
     'A bounty hunter who hunts for tasks like rare modules. Saves trophies in commits.',
     '/images/items/title/task_hunter_2_0.png', 27, 6, 2, 180, NULL,
     NULL),
    (gen_random_uuid(), 'Habit Keeper',
     'The guardian of habits—a daily rhythm that beats the city''s chaos. The neon glows steady, day after day.',
     '/images/items/title/habit_keeper.png', 30, 6, 3, NULL,
     (SELECT id FROM achievement WHERE name = 'Habit Streak 7'), NULL),
    (gen_random_uuid(), 'The Unstoppable',
     'Unstoppable. The metro is down? The net is crashing? You deliver anyway. That''s how consistency works.',
     '/images/items/title/the_unstoppable.png', 60, 6, 3,
     400, NULL, NULL),
    (gen_random_uuid(), 'Chronomancer',
     'A master of time—you arrange the day''s blocks like code modules. Where others lose minutes, you gain hours.',
     '/images/items/title/chronomancer.png', 90, 6, 4, NULL,
     NULL, 22),
    (gen_random_uuid(), 'The Legendary',
     'A title for those whose names appear in fixers'' reports. You do the job, and the city goes silent.',
     '/images/items/title/the_legendary.png', 180, 6, 5,
     NULL, (SELECT id FROM achievement WHERE name = 'Task Master'), NULL),
    (gen_random_uuid(), 'Crew Leader',
     'The crew leader—you combine talents, extinguish conflicts, and stay the course. Your decisions carry weight.',
     '/images/items/title/crew_leader.png', 48, 6, 3, NULL,
     (SELECT id FROM achievement WHERE name = 'Group Contributor'), NULL),
    (gen_random_uuid(), 'The Eternal',
     'Eternally productive. For those who have learned to dance with the city''s cycle and never miss a step.',
     '/images/items/title/the_eternal.png', 300, 6, 5, NULL, NULL,
     60),
    (gen_random_uuid(), 'Productivity Deity',
     'Divine productivity—a status for the few. Your reports shine like billboards over the Sprawl.',
     '/images/items/title/productivity_deity.png', 600, 6,
     5, NULL, (SELECT id FROM achievement WHERE name = 'Lifestyle Change'), NULL),
    (gen_random_uuid(), 'The Collector',
     'A collector of rarities—every item tells a story. In your hands, it''s a collection, not a coincidence.',
     '/images/items/title/the_collector.png', 36, 6, 2, NULL,
     (SELECT id FROM achievement WHERE name = 'Collector'), NULL),

    -- BADGE ITEMS (slot 7)
    (gen_random_uuid(), 'Bronze Circuit',
     'A bronze circuit—the first signal that you''re on the net. A small sign, a big start.',
     '/images/items/badge/bronze_circuit.png', 6, 7, 1, 40, NULL,
     NULL),
    (gen_random_uuid(), 'Silver Trace',
     'A silver trace—you''re visible in the city logs. You leave behind order and results.',
     '/images/items/badge/silver_trace.png', 9, 7, 2, NULL, NULL, 5),
    (gen_random_uuid(), 'Gold Node',
     'A gold node—connections grow, and so do the results. This sign says you''re playing in a higher league.',
     '/images/items/badge/gold_node.png', 25, 7, 3, 170, NULL,
     NULL),
    (gen_random_uuid(), 'Platinum Core',
     'A platinum core—the core of stability. When everything fluctuates, you hold the parameters steady.',
     '/images/items/badge/platinum_core.png', 36, 7, 4, NULL,
     NULL, 15),
    (gen_random_uuid(), 'Diamond Quantum',
     'A diamond quantum—a badge for the perfectly synchronized. It shines even in dark mode.',
     '/images/items/badge/diamond_quantum.png', 90, 7, 5, NULL,
     NULL, 35),
    (gen_random_uuid(), 'Task Medal Mk.II',
     'A medal for a series of tasks. It''s not about the quantity, but the rhythm and consistency that build an edge.',
     '/images/items/badge/task_medal_mk2.png', 12, 7, 2,
     NULL, (SELECT id FROM achievement WHERE name = 'Task Enthusiast'), NULL),
    (gen_random_uuid(), 'Habit Shield v3',
     'A ritual shield—a defense against distractions. Your daily routine is your armor.',
     '/images/items/badge/habit_shield_v3.png', 30, 7, 3, 200,
     NULL, NULL),
    (gen_random_uuid(), 'Focus Emblem AR',
     'An AR focus emblem—a reminder that one good block of focus is worth a hundred bad ones.',
     '/images/items/badge/focus_emblem_ar.png', 30, 7, 3,
     NULL, (SELECT id FROM achievement WHERE name = 'Pomodoro Pro'), NULL),
    (gen_random_uuid(), 'Crew Crest',
     'A crew crest—a code of loyalty forged in metal. From a distance, you can see who''s one of yours.',
     '/images/items/badge/crew_crest.png', 27, 7, 3, NULL,
     (SELECT id FROM achievement WHERE name = 'Team Player'), NULL),
    (gen_random_uuid(), 'Victory Ribbon XR',
     'A victory ribbon—pinned to your jacket, it speaks louder than the feed. Winning is a habit.',
     '/images/items/badge/victory_ribbon_xr.png', 24, 7, 2, 160,
     NULL, NULL),
    (gen_random_uuid(), 'Master Glyph',
     'A master''s glyph—recognized by all gangs and corps. Respect at the checkpoint is guaranteed.',
     '/images/items/badge/master_glyph.png', 60, 7, 4, NULL,
     NULL, 28),
    (gen_random_uuid(), 'Legend Seal',
     'A legend''s seal—rarely seen, often spoken of. Worn by the elite of the eternal neon city.',
     '/images/items/badge/legend_seal.png', 120, 7, 5,
     NULL, (SELECT id FROM achievement WHERE name = 'Group Legend'), NULL),
    (gen_random_uuid(), 'Phoenix Patch',
     'A "Phoenix" patch—a reminder that every fall is just a delayed start. You get up, dust yourself off, and fly.',
     '/images/items/badge/phoenix_patch.png', 90, 7, 4, 600,
     NULL, NULL),
    (gen_random_uuid(), 'Dragon Sigil',
     'A dragon sigil—a symbol of strength and perseverance. It carries a reputation further than corporate ads.',
     '/images/items/badge/dragon_sigil.png', 150, 7, 5, NULL,
     NULL, 40),

    -- BACKGROUND ITEMS (slot 8)
    (gen_random_uuid(), 'Noise Grid',
     'A minimalist noise grid—a background that doesn''t distract. A slight glitch at the edges reminds you you''re in the game.',
     '/images/items/background/noise_grid.png', 7, 8, 1, 50,
     NULL, NULL),
    (gen_random_uuid(), 'Neon Forest',
     'A forest of neon trunks and cables. It evokes old parks, now covered in glass and light.',
     '/images/items/background/neon_forest.png', 18, 8, 2, 120, NULL,
     NULL),
    (gen_random_uuid(), 'Mount Data-Peak',
     'A data peak above the cloud. A panorama of charts and exponential growth. You breathe numbers here.',
     '/images/items/background/mount_data_peak.png', 24, 8, 2, NULL,
     NULL, 8),
    (gen_random_uuid(), 'Ocean of Neon',
     'An ocean of neons—spilled reflections of ads and drones. It''s calming if you like the rhythm of the metropolis.',
     '/images/items/background/ocean_of_neon.png', 22, 8, 2, 150, NULL,
     NULL),
    (gen_random_uuid(), 'Megacity Skyline',
     'The megacity skyline—layers of skyscrapers, ads, and 24/7 traffic. Home to hackers and visionaries.',
     '/images/items/background/megacity_skyline.png', 33, 8, 3, 220, NULL,
     NULL),
    (gen_random_uuid(), 'Deep Space Grid',
     'A deep space grid with star data. A background for those who look beyond the nearest billboard.',
     '/images/items/background/deep_space_grid.png', 48, 8, 3, NULL,
     NULL, 16),
    (gen_random_uuid(), 'Datavault Library',
     'An archive of knowledge—rows of servers, pulsating LEDs, and the chill of data. This is where victory stories are stored.',
     '/images/items/background/datavault_library.png', 60, 8, 4,
     NULL, (SELECT id FROM achievement WHERE name = 'Task Enthusiast'), NULL),
    (gen_random_uuid(), 'Mag-Tower Citadel',
     'A mag-tower citadel—a fortress of networks and steel rules. A background for strategists.',
     '/images/items/background/mag_tower_citadel.png', 97, 8, 4, 650,
     NULL, NULL),
    (gen_random_uuid(), 'Dragon''s Lair: Sublevel',
     'A dragon''s lair in the subway underground. The shadows talk, and the neons listen.',
     '/images/items/background/dragons_lair_sublevel.png', 180, 8, 5, NULL,
     NULL, 42),
    (gen_random_uuid(), 'Paradise Sprawl',
     'An island in the heart of the Sprawl—palm trees, but made of fiber. A place to reset before the next run.',
     '/images/items/background/paradise_sprawl.png', 120, 8, 4, NULL,
     (SELECT id FROM achievement WHERE name = 'Habit Master'), NULL),
    (gen_random_uuid(), 'Night District',
     'The Night District—cyberpunk glow and crowds. A background with energy that motivates you to move.',
     '/images/items/background/night_district.png', 112, 8, 4,
     750, NULL, NULL),
    (gen_random_uuid(), 'Aurora Borealux',
     'An artificial aurora over the North Zone. Drones paint the sky as if with a photon brush.',
     '/images/items/background/aurora_borealux.png', 72, 8, 3, NULL,
     NULL, 20),
    (gen_random_uuid(), 'Zen Courtyard',
     'A Zen courtyard—crystal gravel and plastic bonsai. Silence that doesn''t slow the pace.',
     '/images/items/background/zen_courtyard.png', 57, 8, 3, 380,
     NULL, NULL),
    (gen_random_uuid(), 'Volcano Reactor',
     'A volcanic reactor—power harnessed underground. The perfect background when you want to feel the pressure.',
     '/images/items/background/volcano_reactor.png', 150, 8, 5, NULL,
     (SELECT id FROM achievement WHERE name = 'Task Legend'), NULL),
    (gen_random_uuid(), 'Crystal Datacave',
     'A cave of crystal disks—light refracts through data. The beauty of technology.',
     '/images/items/background/crystal_datacave.png', 96, 8, 4,
     NULL, NULL, 32),
    (gen_random_uuid(), 'Floating Hab-Blocks',
     'Floating residential blocks over the Sprawl. Magnetic trams look like dragonflies.',
     '/images/items/background/floating_hab_blocks.png', 127, 8, 4,
     850, NULL, NULL),
    (gen_random_uuid(), 'Time Vortex: Singularity',
     'A time vortex—the center of your personal clock. A good background for planning sprints.',
     '/images/items/background/time_vortex_singularity.png', 240, 8, 5, NULL,
     (SELECT id FROM achievement WHERE name = 'Deep Work Champion'), NULL),
    (gen_random_uuid(), 'Throne of Chrome',
     'A throne room of chrome—a symbol of mastery over chaos. Whoever sits here, delivers.',
     '/images/items/background/throne_of_chrome.png', 210, 8, 5, NULL,
     NULL, 55),

    -- Extra special items
    (gen_random_uuid(), 'Chromatic Drape',
     'A cape made of fibers that refract light into a cyber-rainbow. Seeing it in motion is like watching code synthesize.',
     '/images/items/body/chromatic_drape.png', 60, 2, 4, NULL,
     (SELECT id FROM achievement WHERE name = 'Social Butterfly'), NULL),
    (gen_random_uuid(), 'Loot Crate Visor',
     'A loot-crate helmet. You never know what the next run will bring—but with this, you''ll enter like a winner.',
     '/images/items/head/loot_crate_visor.png', 37, 1, 3, 250, NULL,
     NULL),
    (gen_random_uuid(), 'Augmented HUD Mk.I',
     'Goggles with augmented reality. The data layer has never been so close to the pupil.',
     '/images/items/head/augmented_hud_mk1.png', 42, 1, 3,
     NULL, NULL, 10),
    (gen_random_uuid(), 'Cyber Visor Mk.IV',
     'The fourth generation of the visor—less noise, more signal. The street says it "wins the overview."',
     '/images/items/head/cyber_visor_mk4.png', 72, 1, 4, NULL, NULL,
     24),
    (gen_random_uuid(), 'Seraph Wings',
     'Synthetic wings with LEDs. Will they lift you above the deadline? No, but they''ll make you want to catch up.',
     '/images/items/accessory/seraph_wings.png', 150, 5, 5, NULL,
     (SELECT id FROM achievement WHERE name = 'Hoarder'), NULL),
    (gen_random_uuid(), 'Demon Horns',
     'Chrome horns—a manifestation of brazen effectiveness. For those who do the job "their way."',
     '/images/items/head/demon_horns.png', 105, 1, 4, 700,
     NULL, NULL),
    (gen_random_uuid(), 'Orbitware Ring',
     'A ring with a miniature orbital system. Small, yet it speaks of great ambitions.',
     '/images/items/accessory/orbitware_ring.png', 120, 5, 4, NULL,
     NULL, 26),
    (gen_random_uuid(), 'Samurai Exo-Armor',
     'An exo-armor inspired by tradition. The sound of its steps is like keystrokes—rhythmic and confident.',
     '/images/items/body/samurai_exo_armor.png', 168, 2, 4, NULL,
     (SELECT id FROM achievement WHERE name = 'Focus Master'), NULL),
    (gen_random_uuid(), 'Pirate Tricorne',
     'A pirate hat—a classic for hunters of digital bounties. Urban version, effective version.',
     '/images/items/head/pirate_tricorne.png', 30, 1, 2, 200, NULL,
     NULL),
    (gen_random_uuid(), 'Valkyr Helm',
     'A Valkyrie''s helm of the north—metal and cold. It protects your head and your reputation.',
     '/images/items/head/valkyr_helm.png', 54, 1, 3, NULL,
     NULL, 14),
    (gen_random_uuid(), 'Pharaoh Diadem',
     'A pharaoh''s diadem—an old symbol in a new city. Gold, chrome, and history in a single line of light.',
     '/images/items/head/pharaoh_diadem.png', 240, 1, 5, NULL, NULL,
     48),
    (gen_random_uuid(), 'Neon Striders',
     'Shoes that glow like a server room at night. You run like a line of code: smoothly, without unnecessary stops.',
     '/images/items/feet/neon_striders.png', 45, 4, 3, 300, NULL,
     NULL),
    (gen_random_uuid(), 'Ice Crown vX',
     'An ice crown with micro-cooling. A cool head, hot decisions—the perfect combination.',
     '/images/items/head/ice_crown_vx.png', 180, 1, 5, NULL,
     (SELECT id FROM achievement WHERE name = 'Task Deity'), NULL),
    (gen_random_uuid(), 'Fire Crown vX',
     'A fire crown with LED embers. It boosts character, not temperature. The street sees who it''s dealing with.',
     '/images/items/head/fire_crown_vx.png', 180, 1, 5, NULL,
     (SELECT id FROM achievement WHERE name = 'Shopping Expert'), NULL),
    (gen_random_uuid(), 'Gaia Resonance Staff',
     'A resonance staff—the vibrations of nature in a cyber-world. Just hold it, and the day''s rhythm falls into place.',
     '/images/items/accessory/gaia_resonance_staff.png', 108, 5, 4, NULL,
     NULL, 29),
    (gen_random_uuid(), 'Shadow-Phase Cloak',
     'A "shadow phase" cloak—it absorbs light and attention. You enter, do your thing, and disappear.',
     '/images/items/body/shadow_phase_cloak.png', 127, 2, 4, 850,
     NULL, NULL),
    (gen_random_uuid(), 'Lumina Plate',
     'Light armor—it deflects gazes and bullets of gossip. It protects your concentration from unnecessary noise.',
     '/images/items/body/lumina_plate.png', 132, 2, 4, NULL,
     NULL, 27),
    (gen_random_uuid(), 'Infinity Gauntlet: Chrome',
     'The Infinity Gauntlet (Chrome)—unbeatable in style and function. For the kings of productivity.',
     '/images/items/accessory/infinity_gauntlet_chrome.png', 900,
     5, 5, NULL, (SELECT id FROM achievement WHERE name = 'Productivity King'), NULL),
    (gen_random_uuid(), 'Champion Belt XR',
     'A champion''s belt—heavy, metallic, engraved. It says "I won" before you even open the dashboard.',
     '/images/items/accessory/champion_belt_xr.png', 67, 5, 3, 450,
     NULL, NULL),
    (gen_random_uuid(), 'Mystic Orb v2',
     'An orb of data mist—with every turn, it shows a different scenario. Which one will you choose?',
     '/images/items/accessory/mystic_orb_v2.png', 96, 5, 4, NULL,
     (SELECT id FROM achievement WHERE name = 'Community Member'), NULL);

INSERT INTO notification_type (id, name)
VALUES (1, 'Task Completed'),
       (2, 'Item Acquired'),
       (3, 'Level Up'),
       (4, 'Group Invitation'),
       (99, 'Other');